cliente_id,nombre,ciudad,pais,email,genero
1,Maya Gauthier,St. George,Canada,maya.gauthier@example.com,female
2,Toivo Lauri,Kumlinge,Finland,toivo.lauri@example.com,male
3,Orhun Obdam,Luttenberg,Netherlands,orhun.obdam@example.com,male
4,Ryder Bélanger,Enterprise,Canada,ryder.belanger@example.com,male
5,Hossam Geilen,Tytsjerksteradiel,Netherlands,hossam.geilen@example.com,male
6,Vanessa Meyer,Seagoville,United States,vanessa.meyer@example.com,female
7,Harshil Dalvi,Coimbatore,India,harshil.dalvi@example.com,male
8,Nanna Christiansen,Argerskov,Denmark,nanna.christiansen@example.com,female
9,Suzana Ristović,Kuršumlija,Serbia,suzana.ristovic@example.com,female
10,Peetu Rantala,Mynämäki,Finland,peetu.rantala@example.com,male
11,Ekansh Prabhu,Ozhukarai,India,ekansh.prabhu@example.com,male
12,Isabella Brown,Christchurch,New Zealand,isabella.brown@example.com,female
13,Canto Alves,Lauro de Freitas,Brazil,canto.alves@example.com,male
14,Derzhikray Davidyuk,Perechin,Ukraine,derzhikray.davidyuk@example.com,male
15,Rosario Calvillo,Santiago de Cuenda,Mexico,rosario.calvillo@example.com,female
16,Dragana Grujić,Veliko Gradište,Serbia,dragana.grujic@example.com,female
17,Frank Leclercq,Onnens (Vd),Switzerland,frank.leclercq@example.com,male
18,Ekrem Schöpf,Wiesensteig,Germany,ekrem.schopf@example.com,male
19,Zhito Berezhna,Bunge,Ukraine,zhito.berezhna@example.com,male
20,Murat Kaya,Bayburt,Turkey,murat.kaya@example.com,male
21,Sergiy Marinchenko,Novoselicya,Ukraine,sergiy.marinchenko@example.com,male
22,Rodney Griffin,Belfast,United Kingdom,rodney.griffin@example.com,male
23,Marwa Røe,Hovin,Norway,marwa.roe@example.com,female
24,Silvane Pires,Itabuna,Brazil,silvane.pires@example.com,female
25,Avi Ramesh,Mira-Bhayandar,India,avi.ramesh@example.com,male
26,Wesley Medina,Dallas,United States,wesley.medina@example.com,male
27,Matias Remes,Kärkölä,Finland,matias.remes@example.com,male
28,Sophie Griffin,Lusk,Ireland,sophie.griffin@example.com,female
29,Perica Šerbedžija,Batočina,Serbia,perica.serbedzija@example.com,male
30,Ezra Zhang,Palmerston North,New Zealand,ezra.zhang@example.com,male
31,Anirudh Jain,Jalgaon,India,anirudh.jain@example.com,male
32,Nina Gomez,Columbus,United States,nina.gomez@example.com,female
33,Raïssa Siebring,Terdiek,Netherlands,raissa.siebring@example.com,female
34,Niklas Harju,Laitila,Finland,niklas.harju@example.com,male
35,Jetro Cardoso,Contagem,Brazil,jetro.cardoso@example.com,male
36,Eino Hanninen,Sauvo,Finland,eino.hanninen@example.com,male
37,Justine Li,Fauquier,Canada,justine.li@example.com,female
38,Ryder Ouellet,Summerside,Canada,ryder.ouellet@example.com,male
39,Allen Riley,Ballinasloe,Ireland,allen.riley@example.com,male
40,Emma Shaw,Preston,United Kingdom,emma.shaw@example.com,female
41,Túlia Silveira,Divinópolis,Brazil,tulia.silveira@example.com,female
42,Ellen Guillot,Freimettigen,Switzerland,ellen.guillot@example.com,female
43,Samarth Banerjee,Jorhat,India,samarth.banerjee@example.com,male
44,Peppi Lehtola,Jomala,Finland,peppi.lehtola@example.com,female
45,Leana Løvstad,Undheim,Norway,leana.lovstad@example.com,female
46,Neelke Van Elst,Delwijnen,Netherlands,neelke.vanelst@example.com,female
47,Julie Andersen,Silkeboeg,Denmark,julie.andersen@example.com,female
48,Vedat Ekşioğlu,Konya,Turkey,vedat.eksioglu@example.com,male
49,Alfredo Macrae,Bradford,United Kingdom,alfredo.macrae@example.com,male
50,Avery May,Hervey Bay,Australia,avery.may@example.com,female
51,Alice Bergheim,Klokkarstua,Norway,alice.bergheim@example.com,female
52,Hilla Aho,Siilinjärvi,Finland,hilla.aho@example.com,female
53,Anirudh Vernekar,Orai,India,anirudh.vernekar@example.com,male
54,Hubert Kinder,Kuppenheim,Germany,hubert.kinder@example.com,male
55,Neven Ignjatović,Vršac,Serbia,neven.ignjatovic@example.com,male
56,Faith Wallace,Athenry,Ireland,faith.wallace@example.com,female
57,Aubrey Fortin,Cornwall,Canada,aubrey.fortin@example.com,female
58,Deivid Silva,Montes Claros,Brazil,deivid.silva@example.com,male
59,Sofija Vujčić,Inđija,Serbia,sofija.vujcic@example.com,female
60,Conrado Gamboa,Teopisca,Mexico,conrado.gamboa@example.com,male
61,Amanda Lewis,Cashel,Ireland,amanda.lewis@example.com,female
62,Laura Boyer,Asnières-sur-Seine,France,laura.boyer@example.com,female
63,Alejandra Arias,Santander,Spain,alejandra.arias@example.com,female
64,Sophia Walker,Blenheim,New Zealand,sophia.walker@example.com,female
65,Richard Berry,Moreno Valley,United States,richard.berry@example.com,male
66,Aiden Li,Tauranga,New Zealand,aiden.li@example.com,male
67,Hilla Kari,Kerava,Finland,hilla.kari@example.com,female
68,Floyd Burns,Traralgon,Australia,floyd.burns@example.com,male
69,Miloš Vujčić,Smederevska Palanka,Serbia,milos.vujcic@example.com,male
70,Prithvi Saha,Anand,India,prithvi.saha@example.com,female
71,Jenny Leroy,Bettingen,Switzerland,jenny.leroy@example.com,female
72,Esma Van der Horst,Cothen,Netherlands,esma.vanderhorst@example.com,female
73,Lumi Kotila,Ylöjärvi,Finland,lumi.kotila@example.com,female
74,Chad Smith,Hervey Bay,Australia,chad.smith@example.com,male
75,Joe Reyes,Dungarvan,Ireland,joe.reyes@example.com,male
76,Pinja Lepisto,Humppila,Finland,pinja.lepisto@example.com,female
77,Slavko Heller,Neumarkt-Sankt Veit,Germany,slavko.heller@example.com,male
78,Nalan Kutlay,Gümüşhane,Turkey,nalan.kutlay@example.com,female
79,Hazel Cox,Bowral,Australia,hazel.cox@example.com,female
80,هلیا سهيلي راد,بروجرد,Iran,hly.shylyrd@example.com,female
81,Dafina Weijs,Gauw,Netherlands,dafina.weijs@example.com,female
82,Yasemin Akyüz,Bingöl,Turkey,yasemin.akyuz@example.com,female
83,Gema Rojas,Móstoles,Spain,gema.rojas@example.com,female
84,Paulina Olmos,Purépero,Mexico,paulina.olmos@example.com,female
85,Volker Vincent,Brissago,Switzerland,volker.vincent@example.com,male
86,Jaime Gallego,Hospitalet de Llobregat,Spain,jaime.gallego@example.com,male
87,Vanessa Gehring,Königsee-Rottenbach,Germany,vanessa.gehring@example.com,female
88,Paula Benítez,San Sebastián de Los Reyes,Spain,paula.benitez@example.com,female
89,Djoni Van Leijsen,Ermelo,Netherlands,djoni.vanleijsen@example.com,female
90,Myrtle Knight,Bendigo,Australia,myrtle.knight@example.com,female
91,Olivério Moura,Niterói,Brazil,oliverio.moura@example.com,male
92,Eléonore Blanc,Clermont-Ferrand,France,eleonore.blanc@example.com,female
93,Micheal Hicks,Portsmouth,United Kingdom,micheal.hicks@example.com,male
94,Vicenta Ortega,Elche,Spain,vicenta.ortega@example.com,female
95,Alfredo Lawson,Shannon,Ireland,alfredo.lawson@example.com,male
96,Raquel Caballero,Torrevieja,Spain,raquel.caballero@example.com,female
97,Manuela Diez,Granada,Spain,manuela.diez@example.com,female
98,Terry Kelly,Birr,Ireland,terry.kelly@example.com,male
99,Elena Ortiz,Almería,Spain,elena.ortiz@example.com,female
100,Vidya Kavser,Madanapalle,India,vidya.kavser@example.com,female
